test_start,test_end,model_path,imp_tech_trend,imp_tech_extension,imp_tech_volume,imp_mom_12_1,imp_mom_3m,imp_mom_rs,imp_qual_gpa,imp_qual_fcf,imp_qual_roa,imp_fund_value,imp_fund_growth,imp_earnings_drift,IC_test,Mono_test,Q5Q1_test_pct,TopRet_test_pct
2023-01,2023-01,reports/regression\sp500\sub\lambdarank_models\fold001_2023-01.txt,219.2073525879605,136.35908408035175,58.33956020773621,13.244724998655329,71.05294798167597,35.32418311864603,69.87717933212843,38.684896436636336,41.37167633041099,41.40759493136284,33.35723392413274,38.966784465806995,0.0609,0.7,1.72,-12.15
2023-02,2023-02,reports/regression\sp500\sub\lambdarank_models\fold002_2023-02.txt,71.49209162784973,124.96179592421322,53.07074894551988,15.239631724951323,170.3035381573718,31.225902691483498,43.54333361148019,39.22125097014941,145.1749837485113,44.98213081719405,45.71805764006422,75.98974568614841,0.0777,0.9,1.51,-11.89
2023-03,2023-03,reports/regression\sp500\sub\lambdarank_models\fold003_2023-03.txt,48.56942625355441,163.0559395269629,48.59402838570168,17.321763042767998,144.84969618421746,31.56443411204964,51.62092656253935,48.66157639276935,158.65904224826954,69.43373772149789,58.04736755399426,68.50982620642753,0.0882,0.7,2.17,-1.82
2023-04,2023-04,reports/regression\sp500\sub\lambdarank_models\fold004_2023-04.txt,148.3715289383399,136.98018000143202,42.50431090194252,20.95106751602725,118.19003901302858,76.68380744825117,92.00980631275434,32.25442099365574,86.75661688068794,58.21768625074765,29.024435775554593,75.01430434299436,0.0807,0.4,2.47,10.75
2023-05,2023-05,reports/regression\sp500\sub\lambdarank_models\fold005_2023-05.txt,83.12526839417114,130.42950379173863,34.0217003004218,8.95057789515704,238.14421783347643,40.363129921257496,106.82757945849153,30.188784896134166,80.19715887288862,51.916754125762964,42.65906949744749,67.52520208622445,0.0523,0.1,0.98,95.45
2023-06,2023-06,reports/regression\sp500\sub\lambdarank_models\fold006_2023-06.txt,139.5741576937735,124.43531982317654,32.34494238551997,10.80486466397997,127.38912581678596,71.48331084425445,90.03553117151432,34.64604824806884,109.037686852962,54.27185333244961,43.483833317804965,68.71897997119959,-0.0487,-0.3,-0.1,54.2
2023-07,2023-07,reports/regression\sp500\sub\lambdarank_models\fold007_2023-07.txt,84.22971363758552,173.51381250598934,42.98485754608055,7.621393796987832,231.46589615109588,72.28258329102755,76.41157065180596,29.757201080676168,62.67324351595016,58.199873696547,41.16790553152896,75.98847139404097,0.0614,0.7,1.07,-27.71
2023-08,2023-08,reports/regression\sp500\sub\lambdarank_models\fold008_2023-08.txt,61.505356397421565,185.36115169411642,36.61047873798452,4.4439807971939445,219.8094912453089,53.41518477333011,87.80456085158221,28.827943677013536,70.50674255111517,57.5973974353401,60.10559263631421,65.1151182286867,0.068,0.6,2.0,-56.12
2023-09,2023-09,reports/regression\sp500\sub\lambdarank_models\fold009_2023-09.txt,51.58262984198154,148.48393222845334,38.47031021867588,6.591666539432481,193.95495171665425,20.35454269940965,82.89730488773785,39.89956233136036,164.51174525487295,74.32046002677816,51.19339591500466,146.84617318684832,-0.0041,-0.3,-0.18,-40.78
2023-10,2023-10,reports/regression\sp500\sub\lambdarank_models\fold010_2023-10.txt,32.74370308929065,107.22886069805827,64.53511515762511,10.70021284557879,173.12505156866973,14.582157111309243,58.71275417712968,56.49370708424249,229.29215287332772,58.904545691097155,49.02409357995202,109.33136111586646,0.0032,-0.3,-0.76,109.8
2023-11,2023-11,reports/regression\sp500\sub\lambdarank_models\fold011_2023-11.txt,50.15722303924849,135.32160450502806,30.87295032129623,11.701237915229285,195.1939560310857,18.297610323643312,105.09078281960683,52.53691753344174,145.65805232945422,47.04112031619843,45.90471170601995,98.39926857131286,-0.2287,-1.0,-5.76,47.98
2023-12,2023-12,reports/regression\sp500\sub\lambdarank_models\fold012_2023-12.txt,24.3683032495901,124.85732394459774,50.41139704834495,7.255874169059098,169.31002661542152,27.397835418698378,110.34954734364874,44.736866670571544,90.22228579968214,50.26550404704176,42.854768586781574,75.30479159258539,0.2337,0.9,7.0,58.14
2024-01,2024-01,reports/regression\sp500\sub\lambdarank_models\fold013_2024-01.txt,41.02505363624368,115.54209639328474,47.345699849087396,9.555820948909968,104.82400372554548,31.521659767167876,128.4982205787128,65.06038437132884,148.5555537536202,50.01689762994647,34.73615897318814,146.6138845038845,0.0842,0.7,5.08,111.79
2024-02,2024-02,reports/regression\sp500\sub\lambdarank_models\fold014_2024-02.txt,57.155139427108224,57.054249881464784,26.12764141295338,15.15171083115274,50.96587997209281,120.09405561347376,50.2536481872703,43.19882723155388,171.8354477842804,60.17425659118089,32.38527075649472,104.04574808341567,-0.0045,0.7,1.32,59.72
2024-03,2024-03,reports/regression\sp500\sub\lambdarank_models\fold015_2024-03.txt,103.1191660084296,48.23232894096964,29.482283469536924,26.138860520906746,103.8690174059011,42.719732390964055,87.52084717616526,47.83928191973246,181.30671272354084,59.67173674817968,37.10422861916595,110.38144602995817,-0.1734,-0.9,-2.19,-65.82
2024-04,2024-04,reports/regression\sp500\sub\lambdarank_models\fold016_2024-04.txt,55.333660909644095,42.530027362980036,27.791298054216895,12.027103619475383,93.55898922454799,127.97606041963445,58.377861028769985,48.80567278351373,141.84081568248803,41.4254928103328,34.40274123274139,99.74811231163767,0.1028,0.7,3.94,61.59
2024-05,2024-05,reports/regression\sp500\sub\lambdarank_models\fold017_2024-05.txt,59.58857010130305,43.00363189351083,29.876965891675354,18.252140473559848,88.23722628363612,133.20135000138544,61.392873851174954,41.5304796928649,175.42497309842383,32.196251950208534,48.76948959697779,147.41572121184254,-0.0342,-0.2,-0.77,-6.06
2024-06,2024-06,reports/regression\sp500\sub\lambdarank_models\fold018_2024-06.txt,45.601804137724685,73.73293354239104,33.079965214939875,9.350263248896226,92.11386209120974,233.93383401854953,62.62338213951534,38.08436032798636,149.56997181325278,40.58242795640399,42.263182359467464,61.337618369199845,-0.1043,-0.4,-2.84,23.26
2024-07,2024-07,reports/regression\sp500\sub\lambdarank_models\fold019_2024-07.txt,47.37876687647076,74.34773217188194,40.028689957005554,33.01936134803691,70.80097594135441,161.04146244114963,56.469697615926634,47.127388692926615,160.19058382508956,40.000093719223514,32.14250712388457,81.33452294618473,0.014,0.4,0.94,26.09
2024-08,2024-08,reports/regression\sp500\sub\lambdarank_models\fold020_2024-08.txt,70.74075178656494,56.6932534715379,41.83836299504037,16.690091694355942,45.172994109103456,122.96766778791789,51.89087793838917,47.500973457075816,158.04345490946434,31.395287258746976,56.59821736332378,77.84811028531476,0.0277,0.1,2.22,68.87
2024-09,2024-09,reports/regression\sp500\sub\lambdarank_models\fold021_2024-09.txt,45.79177615465596,63.43332866735,28.457600389134313,50.33706362429075,53.59181288210675,227.59503133571707,43.407456885119245,34.94194168242757,174.73969036827475,18.587486311451357,49.598732310802916,68.93652857331108,-0.0595,-0.5,-0.77,-1.07
2024-10,2024-10,reports/regression\sp500\sub\lambdarank_models\fold022_2024-10.txt,23.621647935244255,51.834406499006946,38.010750012462466,28.80425321799703,46.81224468830624,250.62758363037574,33.88545817552949,38.60767525626943,177.45493077219726,22.99407486563814,48.33675081646834,74.90849084015781,0.09,0.6,4.79,132.73
2024-11,2024-11,reports/regression\sp500\sub\lambdarank_models\fold023_2024-11.txt,26.87053980739438,54.97017065496766,28.39587736821909,59.8014978598585,52.43949636537582,242.91327500791158,36.33035758060532,49.70811421472172,212.5644305208698,32.250479156835354,47.465828711316135,80.94377154108724,0.0442,0.6,0.0,-76.5
2024-12,2024-12,reports/regression\sp500\sub\lambdarank_models\fold024_2024-12.txt,16.655861112754792,44.89526987568888,35.19284981361852,22.583226528018713,68.42488207388669,379.950701918453,52.447400728771754,34.86806546821572,126.00563591085302,20.7154039565321,40.6069755819226,76.6687829499424,0.1508,0.9,3.8,68.56
2025-01,2025-01,reports/regression\sp500\sub\lambdarank_models\fold025_2025-01.txt,6.666043875738978,62.417078237567694,54.46592655756831,87.24067337223096,88.846824646811,259.69266354336287,47.51864781034965,36.007926399797725,225.25751257865613,18.3809953834716,45.455220440766425,146.52381239614988,-0.1367,-0.7,-3.22,-75.45
2025-02,2025-02,reports/regression\sp500\sub\lambdarank_models\fold026_2025-02.txt,12.025330191012472,62.23538588831434,45.10969991298043,31.066922620666446,65.68346587510314,308.8453099206672,45.52049830261967,32.79104836835904,232.20772852838854,23.57289379654685,60.722997615957865,112.40188789412969,-0.2726,-1.0,-5.76,-93.98
2025-03,2025-03,reports/regression\sp500\sub\lambdarank_models\fold027_2025-03.txt,15.421261441861134,58.00463922445488,58.55687502238652,65.24005196985672,95.32715770756477,45.278894956332806,50.03921096948761,36.06117055208597,241.64606254670798,20.65077242111147,48.15791964953792,187.93184563304385,0.189,0.8,3.66,7.55
2025-04,2025-04,reports/regression\sp500\sub\lambdarank_models\fold028_2025-04.txt,12.558823113096878,34.47200108575089,35.967160568332474,86.85876748528244,108.21525283239316,142.687698010217,47.355292721309524,28.939148638863117,242.7040412476781,18.35828469729495,32.12226328318502,97.67184689878559,-0.142,-0.7,-2.71,52.65
2025-05,2025-05,reports/regression\sp500\sub\lambdarank_models\fold029_2025-05.txt,20.748674549220596,46.86141408403637,34.5315768447208,111.9198641969524,42.23071927332785,126.23290336488571,46.692454022268066,25.9064771602134,274.38837388864977,13.315863970128703,41.16337755782297,141.67671978386716,-0.0973,-0.9,-2.59,44.21
2025-06,2025-06,reports/regression\sp500\sub\lambdarank_models\fold030_2025-06.txt,12.732853622350376,33.87141817119846,40.44524478419953,72.31664975194144,45.61117025493877,98.7053408937063,38.63028034679883,41.97163266231655,270.7649941568743,11.562207202936406,47.329223073640605,173.8998948137105,0.0013,0.6,0.28,27.47
2025-07,2025-07,reports/regression\sp500\sub\lambdarank_models\fold031_2025-07.txt,21.662456722930074,66.27449516619527,25.84511587525776,78.60537351632956,39.751850953602116,271.1467654815715,50.931898136169366,23.996579949329316,65.99938652548008,28.083695339038968,83.21305362625571,103.15024635432928,-0.0297,0.3,0.22,40.66
2025-08,2025-08,reports/regression\sp500\sub\lambdarank_models\fold032_2025-08.txt,13.294201378768776,69.88071286899503,46.62170595009414,48.76456769939978,44.947319790997426,69.15309318338404,32.88616515320609,28.554006788111565,407.4168564262436,23.288577432163038,80.55311371157995,186.16604042672043,0.2074,1.0,5.76,79.91
2025-09,2025-09,reports/regression\sp500\sub\lambdarank_models\fold033_2025-09.txt,21.99309115781216,64.26760221587028,41.23746065076375,236.73083151038736,38.97556370466191,98.17398871021942,37.04575275751995,30.26035082624003,87.88367621222278,13.412515327192523,68.98686621000525,170.46887395557314,0.1373,0.7,5.13,36.27
2025-10,2025-10,reports/regression\sp500\sub\lambdarank_models\fold034_2025-10.txt,22.83730430417927,52.1225558623436,34.69837946928601,34.97020876768511,37.84344640909694,82.84705395484343,26.913684093626216,48.978840961026435,275.0636570300412,4.708613777649589,48.06550158292521,208.7763613042316,0.0112,0.5,0.57,25.25
2025-11,2025-11,reports/regression\sp500\sub\lambdarank_models\fold035_2025-11.txt,11.721175968676107,64.70084321590548,47.06896383874846,416.11763223866,49.189136570552364,94.41418198945757,30.796967328264145,41.882222289477795,75.06302055086417,9.017074776802474,80.38684866951371,118.5480264524158,-0.01,0.1,0.97,25.69
2025-12,2025-12,reports/regression\sp500\sub\lambdarank_models\fold036_2025-12.txt,20.39288353396114,81.36370305397577,25.965884982578928,31.12430216447683,91.384729626443,222.90869268553797,16.1031554620713,45.029855026863515,255.53060946418555,14.575516148917814,85.56227816806859,152.92356954782736,0.1138,0.9,5.85,98.65
2026-01,2026-01,reports/regression\sp500\sub\lambdarank_models\fold037_2026-01.txt,19.796635513477668,71.75023820859496,27.458431779370585,30.838333839255938,65.23716675235482,355.4572846791125,21.26798570973915,64.69120615153224,231.25104989639658,18.233603320059046,76.16012857408714,136.04588478846563,-0.0222,0.2,2.06,42.57
2026-02,2026-02,reports/regression\sp500\sub\lambdarank_models\fold038_2026-02.txt,11.002330380142666,68.39297621556034,33.18315787598476,87.61700773239136,49.02759195459657,323.5656433166587,12.550208481152367,40.44952795247082,199.12841099498473,8.18895411810081,64.08222112784142,113.1917984753527,-0.0218,0.0,0.56,-75.94
2026-03,2026-03,reports/regression\sp500\sub\lambdarank_models\fold039_2026-03.txt,9.86255847895518,56.32161403656937,27.744090404544295,76.40892760499264,40.310449592303485,425.74334830534644,32.99132604087936,45.094428473254084,126.03017202668707,9.923809047726536,68.28388258677296,84.39691932928599,0.0754,0.4,6.21,148.24
